Short citation,Review,Summary,Publication date,Full citation,Year,URL,PDF,Status,Health impact,Region,Health variable(s),Climate variable(s),Timescale,Impacts,Attribution method,Counterfactual method,Health impacts,$,Scale,Last Modified
Mitchell et al. (2016),,Heat mortality in London and Paris (summer 2003),7/8/2016,"Mitchell, D., Heaviside, C., Vardoulakis, S., Huntingford, C., Masato, G., Guillod, B. P., ... & Allen, M. (2016). Attributing human mortality during extreme heat waves to anthropogenic climate change. Environmental Research Letters, 11(7), 074006.",2016,https://iopscience.iop.org/article/10.1088/1748-9326/11/7/074006/meta,Mitchell 2016 Summer 2003 heat wave in Europe.pdf (https://v5.airtableusercontent.com/v3/u/38/38/1739916000000/DW07T2shX2176YRbX85cdQ/p9i2KrpTiPULSvWRRaDVRK2EuwD5rupTtJfEeIl3PGFFZefJUO02r_g-qXebfT-XJqdmcbO0NpzkK4oHIpje-df0Qz8FWYVlG661b1-er21c2o2OdIrYDeXaWcLmZpZf3tgfhxN1l-yIsGJHQzEcztUUl13yb5NkyvO14lEuBwk3sXtDcXZYAF5HMzVmxio5gRRH6gPLrvAzpzaQmVGaKA/_eEg2jsNS69KzCIIy8DLjc0XilHUlXEq2wUdsYfg8DA),Peer-reviewed,Heat-related deaths,Europe,Mortality,Temperature,Event,"'- 64 (±3) deaths in London during summer 2003
- 506 (±51) deaths in Paris during summer 2003",Full,Simulated,Partially extrapolated,,Subnational,2/16/2025 8:37pm
Frame et al. (2020),,Mortality from Hurricane Harvey (2017),8/20/2020,"Frame, D. J., Wehner, M. F., Noy, I., & Rosier, S. M. (2020). The economic costs of Hurricane Harvey attributable to climate change. Climatic Change, 160(2), 271-281.",2020,https://link.springer.com/article/10.1007/s10584-020-02692-8?trk=public_post_comment-text,Frame 2020 Hurricane Harvey.pdf (https://v5.airtableusercontent.com/v3/u/38/38/1739916000000/PccahrpJfDq3A0l9HbUb8w/6u-DOAm3YTbek-k3_yDA7vQ1n-PDPfFge8vCkrc1E6Sfj0l4wvhPmi1Yb9TJyHnz8ifvMN5XEqhi0Olomc46JhEnP8Bw-dBs5Vkcj6YS5I3WrvsqcMmyBWrsLKxXIau1RSmKqNhHGr4giVcfyMWu2aHGgD6SJUMP0OKNZbqSWff4t60j6a_aW_ZQTHec_9CP/pmZ_KjF7DeuU5YogJinFt5p1KW4N3dMz8bKHfbNnKYs),Peer-reviewed,Extreme weather-related deaths,Americas,Life-years,Storms,Event,"'- 357,000 (best estimate; minimum: 148,000) life-years lost ",FAR,External,Observed,checked,Subnational,2/16/2025 8:37pm
Vicedo-Cabrera et al. (2021),,Warm season heat-related deaths in major population centers across 43 countries (1991-2018),5/23/2021,"Vicedo-Cabrera, A. M., Scovronick, N., Sera, F., Royé, D., Schneider, R., Tobias, A., ... & Gasparrini, A. (2021). The burden of heat-related mortality attributable to recent human-induced climate change. Nature Climate Change, 11(6), 492-500.",2021,https://www.nature.com/articles/s41558-021-01058-x,Vicedo-Cabrera 2021 Global heat.pdf (https://v5.airtableusercontent.com/v3/u/38/38/1739916000000/9oTwASQUS-F0LK71njXUqg/D-641o4uIk9hgN0gMsoN7pW1hXoaXifKliXKZGX6cPiFZpSL09xEYIlAcXxwekv_hqoj1GYAmuUdTdOlBU1KIvGmUf3ot2xfveM7bPqzUH9bR6YSyoh3KHQcIzVUsk1PWVwDXLmDuJhn6IQHWf0SJoIcneoA_hd_qfUWeCiUFyJ7gNh9wdCNnhYRcvHmY8ik/VrGIDSoLVgEubHluH27FYA8W8SqhQxGF_eOpKGa9v0E),Peer-reviewed,Heat-related deaths,"Americas,Europe,Africa,Eastern Mediterranean,South-East Asia,Western Pacific",Mortality,Temperature,Trend,"'- 0.58% (95% CI: 0.24–1.14) of all warm-season deaths; 37.0% (range 20.5–76.3%) of all warm-season heat-related deaths
- ~9,702 (95% CI, 4,005–19,135) deaths per year; 271,656 deaths (95% CI: 112,140 – 535,780) between 1991 and 2018 ",Full,Simulated,Observed,,Global,2/16/2025 8:37pm
Perkins-Kirkpatrick et al. (2022),,Heat mortality in a London heat wave (2006),1/26/2022,"Perkins-Kirkpatrick, S. E., Stone, D. A., Mitchell, D. M., Rosier, S., King, A. D., Lo, Y. E., ... & Wehner, M. (2022). On the attribution of the impacts of extreme weather events to anthropogenic climate change. Environmental Research Letters, 17(2), 024009.",2022,https://iopscience.iop.org/article/10.1088/1748-9326/ac44c8/meta,Perkins-Kirkpatrick 2022 - nb review on extreme event attribution.pdf (https://v5.airtableusercontent.com/v3/u/38/38/1739916000000/x9Uc5k2MKXlNV1UDa4UStQ/Hg0S36H_PM46ZCxXnyiEO605mCAFObCn_5lU5TF8vuxov6TGLtC2lHCtlIikqEmECkkmJN9mls-SDuGwyaDVSuiVdvcOLBsifsTEqQQUs5XQt9RQPQRerUEtc4kPTpbl0k-u6NQ8ZIglghqWvt9PiQJkKylIH-jRrM7tv3iPR_0BcJPupsacAnH7mbsYoFLntcTdaB273c1GE11nXVVkkP8QlQ67bpDa_BsGzJCYHEs/Y1l0k2Y2lpcwAqlN_PeNkO3Ue7XhN99c0wyWUbSrnZo),Peer-reviewed,Heat-related deaths,Europe,Mortality,Temperature,Event,"'- 10 heat-related deaths on the hottest day of the summer 2006 heat wave in London, UK (July 26, 2006)","FAR,Full",Simulated,Extrapolated,,Subnational,2/16/2025 8:37pm
Chapman et al. (2022),,Childhood heat-related mortality in Africa (1995-2020),7/4/2022,"Chapman, S., Birch, C. E., Marsham, J. H., Part, C., Hajat, S., Chersich, M. F., ... & Kovats, S. (2022). Past and projected climate change impacts on heat-related child mortality in Africa. Environmental Research Letters, 17(7), 074028.",2022,https://iopscience.iop.org/article/10.1088/1748-9326/ac7ac5/meta,Chapman 2022 African childhood heat.pdf (https://v5.airtableusercontent.com/v3/u/38/38/1739916000000/ixXqCb0FIhm_AoyhyIhHWA/JoHj0H1sVxHDCs2XVS0EtYfagsZkwr4cLBzQlPwuvI0j4hBjvHkGMfdd4DPQZNBkE3P2SneIEcyADvDQZqfJfkHNm0IuVn6jXESwT2yUGqywA_sYiHWe8Vk0-YczQUJ9SWOjTCprqI-lZ3ux2COsZ0SL9veJ_Qc1FnkGDpB9RTbT9fzgInY0Is7Ck38Ebfj8/7HzhNJ8diq6Ns2OyUU5c3I3CKXQR3zbXX_gNPe1VdMc),Peer-reviewed,"Heat-related deaths,Maternal and child health","Africa,Eastern Mediterranean",Mortality,Temperature,Trend,"'- ~3,000 – ~5,000 deaths per year (1995 to 2004)
- ~7,000 – ~11,000 deaths per year (2005 to 2020)
- Twice as many heat-related childhood deaths (by 2009)",Full,Simulated,Partially extrapolated,,Regional,2/16/2025 8:37pm
Mester et al. (2022),,Displacement from tropical cyclone Idai in Mozambique (2019),8/3/2022,"Mester, B., Vogt, T., Bryant, S., Otto, C., Frieler, K., & Schewe, J. (2023). Human displacements from Tropical Cyclone Idai attributable to climate change. Natural Hazards and Earth System Sciences, 23(11), 3467-3485.",2023,https://www.researchsquare.com/article/rs-1898523/v1,Mester 2023.pdf (https://v5.airtableusercontent.com/v3/u/38/38/1739916000000/k0-cPzTz52TF_u_iZjOs4Q/Se0IhPewWv-eVh0MJnLygEW4wWhS8_xZ0nIWMiQpbPaX6M9G_rvS9CJEPOuZf-1YdqXqfwQgrRyGjrQOacZ0taNoKd3Fz2yEWhe_3Hn0wHPhkjbNaS4iX1jiGIxYDtgs4pjWhdJKDhdRN0sT7-zgHvV-K9m9ejzsE89hOqQ1hk8/Uoo1gl_lj8J_pWJwyRxfPUZ34AlB-1abkfhbsNLZ4Rs),Peer-reviewed,Migration and displacement,Africa,Population affected / at risk,"Storms,Floods",Event,"'- 12,600 (2.7%) – 14,900 (3.2%) additional people displaced by Cyclone Idai ",Full,Simulated,Extrapolated,,Subnational,2/16/2025 8:42pm
Puvvula et al. (2022),,Heat illness in North Carolina (2011 to 2015),9/6/2022,"Puvvula, J., Abadi, A. M., Conlon, K. C., Rennie, J. J., Herring, S. C., Thie, L., ... & Bell, J. E. (2022). Estimating the Burden of Heat‐Related Illness Morbidity Attributable to Anthropogenic Climate Change in North Carolina. GeoHealth, 6(11), e2022GH000636.",2022,https://agupubs.onlinelibrary.wiley.com/doi/full/10.1029/2022GH000636,Puvvulua 2022 Heat-related illness in North Carolina.pdf (https://v5.airtableusercontent.com/v3/u/38/38/1739916000000/AJA94wssV93SBDbU4jIG9w/IeGJhh8pxOJVrv4ExtbX8Xk6TvRpPOgbB3D2CGz7vOPFwS-UBX4mPbLJeTIjYxusstEhL1SNw9VFDcQtgpZTFfbAl57rtyhiqABIGolR5kG19CVKdaGCliRddR_ErnGl1EyHXdH8xm1sZp8maFvfnXAP95BhlP2AFAZvoiPyzKB9lGI8DbvHajF7YymM75SmBVAqWZ96PtsN3CK3Sy5DEQ/i9Juk8GBgmGoOXqG9OcoPWltQGESaqcO966k0oGKrIs),Peer-reviewed,Heat-related morbidity,Americas,Incidence,Temperature,Trend,"- 3 out of 20 emergency room visits related to heat-related illness 
- 13.40% [IQR: -34.90,95.52] of heat-related emergency room visits in Coastal region
- 16.39% [IQR: -35.18,148.26] of heat-related emergency room visits in Piedmont region",Full,Simulated,Observed,,Subnational,2/16/2025 8:37pm
Zhang et al. (2022),,Pre-term births and long-term impacts in China (2010-2020),12/13/2022,"Zhang, Y., Hajat, S., Zhao, L., Chen, H., Cheng, L., Ren, M., ... & Huang, C. (2022). The burden of heatwave-related preterm births and associated human capital losses in China. Nature Communications, 13(1), 7565.",2022,https://www.nature.com/articles/s41467-022-35008-8,Zhang 2022 China pre-term births.pdf (https://v5.airtableusercontent.com/v3/u/38/38/1739916000000/zvMIO_IPmu50a2niftpblQ/-oi8JapXs4nS4EQwVcGcffUgR0A_i4wmuNAzb6F58FoGMYCzbjVv8Cv7pJ3jP0OadxLCoScLoNj_9bKWFbWBHWThMhGUi26qQgW9esTQq_pyFskRiabadxSNLJ6yip-n80jwFIn1RKvIon6sp4rqUei_zGe6cxiuq3zNM6HJaevD1JxO8gO2AD2PcsvNHiUJ/--5W7LNS_uQVVSPiV-SsBDacuNAtnpsdF8dnNfTxhvc),Peer-reviewed,"Heat-related morbidity,Maternal and child health,Heat-related deaths,Non-communicable diseases",Western Pacific,Prevalence,Temperature,"Trend,Event","'- 25.8% (95% CI: 17.1%-34.5%) of heatwave-related pre-term births (PTBs) per year
- 4609 (95% CI: 711, 6111) PTBs per year
- 62 (95% CI: 9, 82) PTB-related neonatal deaths per year
- 43 (95% CI: 5, 78) PTB-related cases of childhood asthma per year
- 2 (95% CI: 0, 3) PTB-related cases of Type I diabetes per year
- 218 (95%: CI: 34, 290) PTB-related cases of Type II diabetes per year
- 38715 (95% CI: 5972, 51332) PTB-related IQ points lost per year
- 304 (95% CI: 47, 404) PTB-related cases of autism spectrum disorder per year
- 157 (95% CI: 24, 209) PTB-related cases of ADHD per year",Full,Simulated,Observed,checked,National,2/16/2025 8:37pm
Stuart-Smith et al. (2023),,Heat mortality in Zurich (1969-2018),3/17/2023,"Stuart-Smith, R., Vicedo-Cabrera, A., Li, S., Otto, F., Belesova, K., Haines, A., ... & Ebi, K. (2024). Quantifying heat-related mortality attributable to human-induced climate change. ResearchSquare preprint.",2024,https://www.researchsquare.com/article/rs-2702337/v2,PREPRINT - Stuart-Smith et al 2024.pdf (https://v5.airtableusercontent.com/v3/u/38/38/1739916000000/NGg-est1N-Rdjc6fiS11YQ/pA2-5hX0WXlwTIUJqQVIcS2BIJawSEqBt8FNkjURP_frPTl8_h588Up8YVKXQP6oGMdoVRdoNWqlIbzLwepiwQ_1Pf8lL0VQNIJQm7v5t84f2y8QuHUj_1-zVStyxC0fzKCUL0I9vCIQtXhKvNbKOd3WLQQxG0irwZvc61GchuCauBGhwDbMCXbvbhx2_R7y/C8q90bCXk8Pgemhv7Aq23kTj5OgmcmMiHzIbNYOITk8),Preprint (not peer-reviewed),Heat-related deaths,Europe,Mortality,Temperature,Trend,"'- 1,683 (90% CI: 270 − 3,279) heat-related deaths
- 1.4% (90% CI: 0.2% − 2.7%) of all-cause mortality
- 19 heat-related deaths per summer (1969-1985)
- 48 heat-related deaths per summer (2004-2018)
- Adaptation and other changes in impact-temperature relationship prevented 730 deaths.
- 376 deaths due to the top ten highest-emitting fossil fuel companies (Chevron: 59; ExxonMobil: 54; Saudi Aramco: 53; BP: 42; Gazprom: 36; Royal Dutch / Shell: 36; National Iranian Oil Company: 34; Pemex: 23; Conoco Philips: 20; Petroleos de Venezuela: 19)",Full,Detrended,Observed,,Subnational,2/16/2025 8:37pm
Zhu et al. (2023),,Low birth weight (1990-2014),5/4/2023,"Zhu, Z., Zhang, T., Benmarhnia, T., Chen, X., Wang, H., Wulayin, M., ... & Wang, Q. (2024). Estimating the burden of temperature-related low birthweight attributable to anthropogenic climate change in low-income and middle-income countries: a retrospective, multicentre, epidemiological study. The Lancet Planetary Health, 8(12), e997-e1009.",2024,https://www.thelancet.com/journals/lanplh/article/PIIS2542-5196(24)00242-0/fulltext,Zhu 2024.pdf (https://v5.airtableusercontent.com/v3/u/38/38/1739916000000/yQ4BQFKKNaZlr-tg0wHdVA/aOS7Xl6xclb7dZKQjzZR4g61-UlCOhLAy-V_OnvMD7xdStAT4RuKSiXH-X62J8ojiqMdbapngd6zRhndHmIZCH7pT28YfjDBNvI_fnhmoYKP6AvyjKmWSRDUOl01TmdnDrGFQBsHUDnzY87OXSyZYbLK6AKwHVvOU3BqCMYcHwk/CXV7u-1xZvcPNL0DFizACR-VKjZchbZKFn4NE9UXGx4),Peer-reviewed,Maternal and child health,"Eastern Mediterranean,Africa,South-East Asia",Incidence,Temperature,Trend,"'- 3,583 cases (59%) of heat-related low birth weights (ehLBWs) in southern Asia
- 982 cases (89%) of hLBWs in western Africa
- 2,899 cases (77%) of hLBWs in eastern Africa
- 2,998 cases (53%) of cold-related low birth weights (cLBWs) avoided in central Africa
- 1,068 cases (63%) of cLBWs avoided in southern Africa
- 1,061 cases (65%) of cLBWs avoided in eastern Africa",Full,Simulated,Observed,,Regional,2/16/2025 8:37pm
Vicedo-Cabrera et al. (2023),,Heat mortality in Switzerland (summer 2022),7/4/2023,"Vicedo-Cabrera, A. M., De Schrijver, E., Schumacher, D. L., Ragettli, M. S., Fischer, E. M., & Seneviratne, S. I. (2023). The footprint of human-induced climate change on heat-related deaths in the summer of 2022 in Switzerland. Environmental Research Letters, 18(7), 074037.",2023,https://iopscience.iop.org/article/10.1088/1748-9326/ace0d0,Vicedo-Cabrera 2023 ERL.pdf (https://v5.airtableusercontent.com/v3/u/38/38/1739916000000/F7q54aBDjGOsQ60s8JBX3A/7hdHHgqmRfPKfCT7_tqkuj6u5_ln_rA8JtpcW7iOIgU0akNm1iAqsDusP316gpSiT1NP_Gj2GOoFPTWPsvOu8hO5cGR1BF13XjFkXxkhqqGLf5GBFwOme5BeunpO6w52VHlgJOhGFceorNvJjWgU6WlLv7V7Z5NIPejpwJ_1CEc/wnorc8MxXKlhLGGgMx6stA0_uEWTrjgC1gajygI__oo),Peer-reviewed,Heat-related deaths,Europe,Mortality,Temperature,Event,"- 370 heat-related deaths [95% eCI: 133–644]
- 60% of heat-related deaths ",Full,Detrended,Observed,,National,2/16/2025 8:37pm
Carlson et al. (2023),,Childhood malaria in sub-Saharan Africa (1901-2014),7/25/2023,"Carlson, C. J., Carleton, T. A., Odoulami, R. C., & Trisos, C. H. (2023). The historical fingerprint and future impact of climate change on childhood malaria in Africa. medRxiv preprint.",2023,https://www.medrxiv.org/content/10.1101/2023.07.16.23292713v3,PREPRINT - Carlson et al 2023.pdf (https://v5.airtableusercontent.com/v3/u/38/38/1739916000000/AmJgmPWNR6Eb_0JXgfRiFg/ipRDxYKfTuOl3LJHlqRP7w6YjMLgC1Nwac7pfudk1JlLUQkYIyTDNEVh_gMYuXsMoWf8-wxN7BdBX_rKXzm02qpBf3d8lJ7e9DQp5ms_3ZIWlFK2pIycgctKoSAvhWW-88b8vdeOaAki85iq-WKVpOSKpC0LM4lNxAdRsYzpQKtf4vJ7AzDSzVUIJMrXghku/kR_OsKjisT08eDbU5EVnGuokwPz0_Uq7jDf8S-r5nwI),Preprint (not peer-reviewed),"Maternal and child health,Infectious diseases","Africa,Eastern Mediterranean",Prevalence,"Temperature,Precipitation,Floods,Droughts",Trend,"'- A net increase in the prevalence of childhood malaria (two-to-one odds)
- ~90 excess cases of malaria per 100,000 children (95% CI: -300, 510; 66% chance of positive trend)
- ~630 excess cases of malaria per 100,000 children (95% CI: -40, 1,400; 97% chance of a positive trend) in southern Africa
- ~330 excess cases of malaria per 100,000 children (95% CI: -140, 870; 91% chance of a positive trend) in east Africa
- ~180 excess cases of malaria per 100,000 cases (95% CI: -190, 610; 83% chance of a positive trend) in central Africa
- ~380 fewer cases of malaria per 100,000 children (95% CI: -930, 20; 97% chance of a negative trend) in west Africa",Full,Simulated,Observed,,Regional,2/16/2025 8:45pm
Park et al. (2023),,Mortality from wildfire-related PM2.5 air pollution (1960-2019),9/13/2023,"Park, C. Y., Takahashi, K., Fujimori, S., Jansakoo, T., Burton, C., Huang, H., ... & Hasegawa, T. (2024). Attributing human mortality from fire PM2. 5 to climate change. Nature Climate Change, 1-8.",2024,https://www.nature.com/articles/s41558-024-02149-1,Park 2024.pdf (https://v5.airtableusercontent.com/v3/u/38/38/1739916000000/D8ijkK-PYE9toJyJIBTJKA/KB4-u-IIQKjjnFz96gICA8sD4l7gV5JjiAde05AocJ76bVW3W8xpDuCIgyarg90mz1tEtSjsWqEoDyus7AGtAbMJqpxyBN19JVaP09vD6fjz459TVsbJWgjc2jRZXvHgwYquX1b4Rj1NwGBcSCthXkq-fDj69uVPCgyujLNhKc4/Ryrdz13YjosFEN6J61aQWFql2R5y8YnKYJyOKOv6YGI),Peer-reviewed,Air pollution-related deaths,"Americas,Europe,Africa,Eastern Mediterranean,South-East Asia,Western Pacific",Mortality,"Wildfires,Air pollution",Trend,"'- 669 deaths per year (range: -398, 1,773) in the 1960s
- 12,566 deaths per year (range: 3,481, 30,126) in the 2010s ",Full,Detrended (ISIMIP),Observed,,Global,2/16/2025 8:37pm
Newman & Noy (2023),,Global mortality from extreme weather (2000-2019),9/29/2023,"Newman, R., & Noy, I. (2023). The global costs of extreme weather that are attributable to climate change. Nature Communications, 14(1), 6103.",2023,https://www.nature.com/articles/s41467-023-41888-1,Newman & Noy 2023 Nature Communications.pdf (https://v5.airtableusercontent.com/v3/u/38/38/1739916000000/-u0cPHkN_9dNZPNRnV9ZQQ/MzIsgFTbHURX3H9lJ24ORbyRvdU4cNTHtPnohIPkr-UAHkitdUiTDRamFI52-z8d_6SNXPAZgN0E8vCXGjhLTRdv6iHdqRw17zufS6EJuPwCByKDNOKdpYJMm1cyb5VzINnpTPSzlu6SPi55dHkO8Yyw2NzrQvNxbB_lRPMv9JNGXdlxlV4_A1EmIRiDT-jw/xSs8Yd1FZ7l97bPAbAV1qEY-LMaMFpPWoLv97Psy24A),Peer-reviewed,"Heat-related deaths,Extreme weather-related deaths","Americas,Europe,Africa,Eastern Mediterranean,South-East Asia,Western Pacific",Mortality,"Storms,Wildfires,Temperature,Precipitation,Floods,Droughts","Trend,Event","'- 60,951 net deaths due to extreme weather events
- 75,139 deaths more likely due to climate change
- 14,187 deaths averted by climate change
- 63% of total economic losses from extreme weather are due to loss of life
- US$1.79 trillion (US$90 billion per year) in economic loss equivalent to loss of life ",FAR,External,Observed,checked,Global,2/16/2025 8:48pm
Childs et al. (2024),,Dengue incidence in Asia and the Americas (1995-2014),1/9/2024,"Childs, M. L., Lyberger, K., Harris, M., Burke, M., & Mordecai, E. A. (2024). Climate warming is expanding dengue burden in the Americas and Asia. medRxiv preprint.",2024,https://www.ncbi.nlm.nih.gov/pmc/articles/PMC10802639/,PREPRINT - Childs et al 2024.pdf (https://v5.airtableusercontent.com/v3/u/38/38/1739916000000/oTWnQ_YMErOtjf8qHUK6Mg/8FJfXsDSBg7l0dd8PiPdYsbYwW8i825UqIzvi274CUUdXsmVF6haohzdOLjb6nYkDUAmnDcVqqkjOUmKW3tjP9TpBCvVIxCTI2yRK9l813fw4BRIfKDj5o5rCdkpFMdQLepG1243HGL78YdF3k1Hl21KfG7STPzXNLrz4VsqlNtOznS8UUXANhNkGaqwilE6/Gc3pVaCeeP7SZ8EiLY0C-bZgONT-lxOrmwC0affFM58),Preprint (not peer-reviewed),Infectious diseases,"South-East Asia,Western Pacific,Americas",Incidence,"Temperature,Precipitation",Trend,- 18% of dengue burden is due to climate change; up to 40% in cooler countries,Full,Simulated,Observed,,Regional,2/16/2025 8:37pm
Erazo et al. (2024),,Expansion of ecological suitability for West Nile virus in Europe (1901-2019),2/8/2024,"Erazo, D., Grant, L., Ghisbain, G., Marini, G., Colón-González, F. J., Wint, W., ... & Dellicour, S. (2024). Contribution of climate change to the spatial expansion of West Nile virus in Europe. Nature communications, 15(1), 1196.",2024,https://www.nature.com/articles/s41467-024-45290-3,Erazo et al 2024 Nature Communications.pdf (https://v5.airtableusercontent.com/v3/u/38/38/1739916000000/61Fh0DF9HYvtwCWrDtaKzQ/PaXXdH5WWBUoUHwISIU84qjrQeb6fU4edazP7AXg1nn7x1dRjOmRg4bS-djZv8J_1NhVfMmg9JIOKJPNreJiDAZ6KR1KcOYxPUp9VeKrHU0Xxn2kl9VPSCbokVQSsvZAiZi3Hiw3nzXjhTGHSG2q7ja4r1mVN49R9fZr0K3kT2vYHYEYkMy7gHWKYj2OTjYh/iF45EMHPj7cBgYvG6UtjJSLBLnnB4yApNB26uJddly8),Peer-reviewed,Infectious diseases,Europe,Population affected / at risk,"Temperature,Precipitation",Trend,#NAME?,Full,Detrended (ISIMIP),Observed,,Regional,2/16/2025 8:38pm
Hajat et al. (2024),,Cold-related deaths in London (1976-2019),3/13/2024,"Hajat, S., Gampe, D., & Petrou, G. (2024). Contribution of Cold Versus Climate Change to Mortality in London, UK, 1976–2019. American Journal of Public Health, 114(4), 398-402.",2024,https://ajph.aphapublications.org/doi/full/10.2105/AJPH.2023.307552,Hajat et al 2024 AJPH.pdf (https://v5.airtableusercontent.com/v3/u/38/38/1739916000000/0rtZyhHP5Vei6KyEkjQQOg/hw2d4c8LDsau0EcuXTr87sjNKlOr2RK00Jv7mFcz6mq7QfdM0oAT_7m-e5pRzrFWL1TEkJOKzhcztisXUaAwhazfMQg27yeD6WeMFd4vUmD7H8Os0BgYGyc4F2CzRGm14K1EnGKh8YueQ84vNDYrb031wnlr4s68VxYF2EwAcos/S6WNpIcmfWDq5I5qVHd97cIqgr06DVmpVv5YaIKV7Jk),Peer-reviewed,"Cold-related deaths,Non-communicable diseases",Europe,Mortality,Temperature,Trend,"- 447 fewer cold-related deaths per year
- 241 fewer cold-/cardiovascular-related deaths per year
- 73 fewer cold-/respiratory-related deaths per year
- 639 fewer cold-related deaths in winter 2018-19",Full,Simulated,Observed,,Subnational,2/16/2025 8:38pm
Zhou et al. (2024),,Injury-related hospitalizations in China (2000-2019),5/16/2024,"Zhou, L., Liu, C., He, C., Lei, J., Zhu, Y., Gao, Y., ... & Chen, R. (2024). Quantification of the heat-related risk and burden of hospitalizations for cause-specific injuries and contribution of human-induced climate change: a time-stratified case-crossover study in China. Environmental Health Perspectives, 132(5), 057005.",2024,https://ehp.niehs.nih.gov/doi/full/10.1289/EHP14057,Zhou et al 2024 Environmental Health Perspectives.pdf (https://v5.airtableusercontent.com/v3/u/38/38/1739916000000/FmQM2buveg3TYgfpgRVGUg/pF7CeiuG4buj5SeSPmpnTXrQag7tOqe6JEUWmXJrKFCSZFb7W9kuBLcPvkO5d1_T-cw3IKMvHE0NLcvqmf6LxeU-_MvsKfCsj24SLlY2txEC7ahlSqsrarYhHOB8mauyFvjmuVgeS5UWUGBDHrAQrsL1_jZREUhSf504c2xTUy_W7gNN2iu5gwqi93vT8rqqonvyTcy1eajiqsJuLGAorA/xubqqoiwAl0qaflSdj2wUm1Vdt8HgffsmXc5jGxxHbk),Peer-reviewed,"Heat-related morbidity,Injury",Western Pacific,Incidence,Temperature,Trend,"'- 6.7% to 10.6% of heat-related injuries in the 2010s in China (head and neck: 6.7%; injuries to upper limbs: 7.5%; injuries to trunk: 8.1%; injuries to lower limbs: 8.8%; injuries to multiple or unspecified body regions: 8.9%; accidental injuries and other causes: 9.6%; poisoning: 9.8%)
- 7.9% to 9.7% of heat-related injuries in the 2010s in northern China
- 7.6% to 8.5% of heat-related injuries in the 2010s in southern China",Full,Simulated,Observed,,National,2/16/2025 8:38pm
Dimitrova et al. (2024),,Neonatal deaths in 29 low- and middle-income countries (2001-2019),6/29/2024,"Dimitrova, A., Dimitrova, A., Mengel, M., Gasparrini, A., Lotze-Campen, H., & Gabrysch, S. (2024). Temperature-related neonatal deaths attributable to climate change in 29 low-and middle-income countries. Nature Communications, 15(1), 5504.",2024,https://www.nature.com/articles/s41467-024-49890-x,Dimitrova et al. 2024 Nature Communications.pdf (https://v5.airtableusercontent.com/v3/u/38/38/1739916000000/uu9ThYESI-475aehBuQy8A/PPFMIFWRmEqk7f1DSRNxYWTkcxnbXrE61A518o2idh9rS-0Kog69Umw5xnDnKTYe7EdJzfi3-_Pa5a8geIeZxaO8Z2mNQ_NKMeTOGisri4cwVb84eWWVGORhz4fPfcF63OzzifZN3bYCxA0wAjKPK1EnvmuhQiLkT9XG7pSRWdlifsmxXvnLM0W8iQg0fnElY9puYAvtivl725vCWows-Q/w3E91B28eXOJ-nqoFTqz9RDxVAludlt41dj1DSxVNWo),Peer-reviewed,"Heat-related deaths,Maternal and child health","South-East Asia,Western Pacific,Africa,Eastern Mediterranean,Europe",Mortality,Temperature,Trend,"'- 175,133 (95% UI: 7,806–353,516) neonatal deaths
- 32% (range: 19-79%) of all heat-related neonatal deaths
- 46% increase in heat-related neonatal deaths
- 457,384 (95% UI: 170,106–868,519) fewer cold-related neonatal deaths 
- 30% (range: 10-63%) reduction in cold-related neonatal deaths
- 168,835 (95% UI: 48,835–296,467) very early heat-related neonatal deaths 
- 29% (range: 8-72%) of heat-related very early neonatal deaths
- 141,322 (95% UI: 2377–339,337) fewer cold-related very early neonatal deaths 
- 35% (country range: 10-69%) reduction in cold-related very early neonatal deaths",Full,Simulated,Observed,,Regional,2/16/2025 8:38pm
Beck et al. (2024),,Heat mortality in Europe (summer 2022),12/27/2024,"Beck, T., Gudmundsson, L., Schumacher, D., Seneviratne, S., Achebak, H., & Ballester, J. (2024). Increasing likelihood of heat-related mortality events with global warming: a continental epidemiological extreme event attribution study. ResearchSquare preprint.",2024,https://www.researchsquare.com/article/rs-5549732/v1,Beck 2024.pdf (https://v5.airtableusercontent.com/v3/u/38/38/1739916000000/Zr0V_MWwXbThKZNks92z8w/im4ccIZIZB3JM6_hAJfIGF0y_pNp1vINWE3CJCYNQvuZ-MdCugIDRBMjmF_UrjxnEm-nB7cZvkS6YnpXvk1FAj2v4mIC741AQQ-YbsXJBezvaYNRGSyfD9k9zAEiJq4H9eH_wHvvIDXdWIQo8tnepfAcXSyeS8iZP5xQVLeSon0/pa-MsPLqFh4ISoVf8ElOQVudQi00YjKjuBm4qGzHPw8),Preprint (not peer-reviewed),Heat-related deaths,Europe,Mortality,Temperature,Event,"'- 2022-like extreme heat mortality events have an average return period of eight years (95% CI: 3.6 – 20.8)
- 2022-like extreme heat mortality events are three times (95% CI: 1.02% – 18.6%) more likely 
- 2022-like extreme heat mortality events are 30 times (95% CI: 3.8% – 2,354.2%) more likely in southern Europe
- 2003-like extreme heat mortality events have a return period of 100 years (95% CI: 30.5 – 758.5), compared to a return period of 1,000 years (95% CI: 65.2 – 16,892,749) under pre-industrial temperatures
- 99% of the European population has experienced an increase in the probability of 2022-like temperatures
- The ten regions with the greatest increase in an extreme heat mortality event like the deadliest week in 2022 are all in Spain and Italy
- Heat-related mortality in 80+ year olds is 100 times that of < 65 year olds and 10 times that of 65 – 79 year olds
- Heat-related mortality was slightly higher in women",Full,Detrended,Observed,,Regional,2/16/2025 8:38pm
Perkins-Kirkpatrick et al. (2025),,Heat mortality in a Victoria heat wave (2009),1/27/2025,"Perkins-Kirkpatrick, S. E., Selvey, L., Aglas-Leitner, P., Lansbury, N., Hundessa, S., Stone, D., ... & Osborne, N. J. (2025). Attributing heatwave-related mortality to climate change: a case study of the 2009 Victorian heatwave in Australia. Environmental Research: Climate, 4(1), 015004.",2025,https://iopscience.iop.org/article/10.1088/2752-5295/ada8cd/meta,Perkins-Kirkpatrick et al. 2025.pdf (https://v5.airtableusercontent.com/v3/u/38/38/1739916000000/Z5CrRiFchVrcdrT_WzMsIQ/5FIpVjFSRLRlSsUcW6sMYvNkWECgh85czoQTx923IuM-XBJJu67YTw_W0_z96rh-aZnpY7grdJjNv4cdFjZGDkfF2OZi0uSDZIWdrP_HPcZ17d4xbtE_N1jF1jNWX7_kjGLe-S_5-vK4pMs_3x2P3bAM6myEjwLJ3fjL_tomsYrFqlS6mHbxvr7a1G0BKGcU/PPuhJ1gQvcm4vtZ5Ex5glyQ5H0his6738qFs3pegJ6I),Peer-reviewed,Heat-related deaths,Western Pacific,Mortality,Temperature,Event,"'- 6 +- 3-4 deaths (a 20% increase) attributable to human-caused climate change
- the frequency of a 2009-like event has doubled
- 6 of 8 climate models predicted a statistically significant effect on mortality",Full,"Simulated,Detrended",Observed,,Subnational,2/16/2025 8:38pm
